label,log2fc_KO_30m_vs_WT_30m,p_value_KO_30m_vs_WT_30m
pS736 REPS1,-2.49668486470953,0.0209496109273088
pS342 FYCO1,-2.09188548475788,0.00507248928268849
pS684 XIRP1,-2.03636161703171,0.00739030076416652
pS97 SEPHS2,-1.95293995712254,0.000347542115730971
pY486 EEFSEC,-1.94648301880324,0.0320848319167019
pS205 XIRP1,-1.87307491464946,0.0052891326902225
pS345 CD2,-1.83055889941919,4.87307260697926e-05
pS577 XRCC5,-1.68119407210271,0.0246159674655073
pT2137 TPR,-1.6455824552261,0.0285152729001528
pS929 PAM,-1.58718470679277,0.000515545959080357
pS294 CD2,-1.5833529194261,0.00635435406144746
pS614 NUP153,-1.55564818963626,0.00125860754626453
pS752 TBC1D9B,-1.54526672719413,0.00198533535880718
pS23 ACACA,-1.54261199269127,0.0072497064238374
pS1002 MYO1E,-1.5342699977474,0.0379882675865731
pS445 PEX5L,-1.49750499257273,0.0145619236404894
pS507 PPP1R12A,-1.41570107389731,0.0173542494900604
pT564 MTA1,-1.3862966592654,0.00664869117695429
pT444 RPS6KB1,-1.38607787235156,0.0100370593824901
pT577 RPS6KA3,-1.38508541225428,0.00861986343815335
pS982 CIC,-1.37812581949162,0.00147032093336692
pS359 AGFG1,-1.37469047539165,0.0465646298097427
pS295 XIRP1,-1.37005190949465,0.00251690266475571
pS194 DDI2,-1.36969606873899,0.0033143407755927
pS177 GGA2,-1.35901166590861,0.000716319202534243
pS498 NUP153,-1.33970456062109,0.00182263815233028
pT844 UBAP2L,-1.32330536090152,0.0298732408120594
pS500 DDX20,-1.31266986775747,0.0151477042367646
pS490 MAP7D3,-1.30622537320305,0.0256617576284356
pT470 DOK1,-1.28175331489364,0.0111932213970633
pS886 KIF4A,-1.27151326066977,0.0020131717153537
pS372 PNPLA6,-1.25817176363828,0.0117710332649981
pT174 CEP170,-1.25052806459433,0.00658808928738465
pS12 STK17B,-1.24862087436129,0.00769742525641571
pS359 OXSR1,-1.24677724666109,0.0320877349040479
pS280 CHEK1,-1.23547076153824,0.0132235962210015
pS141 EEF1B2,-1.21987105881175,0.0162419437749357
pS240 IRF2BP2,-1.21731060534166,0.00683203398802005
pS28 C1orf174,-1.19942788340121,0.0140459849321904
pS590 ARHGAP5,-1.1988030503544,0.00223636736135927
pS834 SSH1,-1.18653303261087,0.000623988338763894
pS49 EMD,-1.18582574146972,0.0417264530321598
pS524 MAP7D3,-1.18084348003223,0.0454775498049123
pS455 C15orf39,-1.17390450187621,0.0132238621075792
pT333 NEK9,-1.17198875035811,0.00684343140630197
pS235 RPS6,-1.17016273413902,0.000506099070617725
pS729 ARAP1,-1.16606503205205,0.0140726993237046
pT202 MAPK3,-1.14615272569683,0.0210983887305141
pS423 ADD3,-1.14003683331759,0.0133526166679095
pT1203 FKBP15,-1.13957010769575,0.035768678207509
